date,course_name,completed_holes,component,shots,sg_sum,sg_per_shot,sg_per18,season_median_sg_per_shot,vs_season_median_per_shot
2025-09-14,Howard D. Kellogg Golf Course - Executive,9.0000,Approach,9,-4.8700,-0.5411,-9.7400,-0.5411,0.0000
2025-09-14,Howard D. Kellogg Golf Course - Executive,9.0000,Short game,15,-9.4200,-0.6280,-18.8400,-0.3900,-0.2380
2025-09-14,Howard D. Kellogg Golf Course - Executive,9.0000,Tee / layup,9,-6.3500,-0.7056,-12.7000,-0.7100,0.0044
2025-10-05,Newman Golf Course,18.0000,Approach,18,-10.2800,-0.5711,-10.2800,-0.5411,-0.0300
2025-10-05,Newman Golf Course,18.0000,Driving,2,-1.3900,-0.6950,-1.3900,-0.5650,-0.1300
2025-10-05,Newman Golf Course,18.0000,Putting,36,-16.7600,-0.4656,-16.7600,-0.3113,-0.1543
2025-10-05,Newman Golf Course,18.0000,Recovery,7,-4.1700,-0.5957,-4.1700,-0.3433,-0.2524
2025-10-05,Newman Golf Course,18.0000,Sand,1,-0.2100,-0.2100,-0.2100,-0.4150,0.2050
2025-10-05,Newman Golf Course,18.0000,Short game,24,-11.5200,-0.4800,-11.5200,-0.3900,-0.0900
2025-10-05,Newman Golf Course,18.0000,Tee / layup,17,-10.6800,-0.6282,-10.6800,-0.7100,0.0818
2025-10-10,Newman Golf Course,9.0000,Approach,13,-7.3800,-0.5677,-14.7600,-0.5411,-0.0266
2025-10-10,Newman Golf Course,9.0000,Putting,20,-7.7800,-0.3890,-15.5600,-0.3113,-0.0777
2025-10-10,Newman Golf Course,9.0000,Recovery,1,-0.5900,-0.5900,-1.1800,-0.3433,-0.2467
2025-10-10,Newman Golf Course,9.0000,Short game,10,-4.9700,-0.4970,-9.9400,-0.3900,-0.1070
2025-10-10,Newman Golf Course,9.0000,Tee / layup,8,-6.4300,-0.8037,-12.8600,-0.7100,-0.0937
2025-10-12,Newman Golf Course,18.0000,Approach,22,-13.0900,-0.5950,-13.0900,-0.5411,-0.0539
2025-10-12,Newman Golf Course,18.0000,Driving,2,-1.7700,-0.8850,-1.7700,-0.5650,-0.3200
2025-10-12,Newman Golf Course,18.0000,Putting,35,-18.8800,-0.5394,-18.8800,-0.3113,-0.2282
2025-10-12,Newman Golf Course,18.0000,Recovery,13,-7.1900,-0.5531,-7.1900,-0.3433,-0.2098
2025-10-12,Newman Golf Course,18.0000,Sand,1,-0.4400,-0.4400,-0.4400,-0.4150,-0.0250
2025-10-12,Newman Golf Course,18.0000,Short game,30,-14.4100,-0.4803,-14.4100,-0.3900,-0.0903
2025-10-12,Newman Golf Course,18.0000,Tee / layup,16,-13.6900,-0.8556,-13.6900,-0.7100,-0.1456
2025-10-15,Quail Meadows Golf Club,9.0000,Approach,11,-6.1800,-0.5618,-12.3600,-0.5411,-0.0207
2025-10-15,Quail Meadows Golf Club,9.0000,Putting,22,-8.1100,-0.3686,-16.2200,-0.3113,-0.0574
2025-10-15,Quail Meadows Golf Club,9.0000,Recovery,1,-0.0100,-0.0100,-0.0200,-0.3433,0.3333
2025-10-15,Quail Meadows Golf Club,9.0000,Sand,1,-0.5600,-0.5600,-1.1200,-0.4150,-0.1450
2025-10-15,Quail Meadows Golf Club,9.0000,Short game,13,-5.5600,-0.4277,-11.1200,-0.3900,-0.0377
2025-10-15,Quail Meadows Golf Club,9.0000,Tee / layup,7,-5.0000,-0.7143,-10.0000,-0.7100,-0.0043
2025-10-17,Quail Meadows Golf Club,9.0000,Approach,11,-6.6700,-0.6064,-13.3400,-0.5411,-0.0652
2025-10-17,Quail Meadows Golf Club,9.0000,Putting,19,-7.1500,-0.3763,-14.3000,-0.3113,-0.0650
2025-10-17,Quail Meadows Golf Club,9.0000,Recovery,3,-0.7000,-0.2333,-1.4000,-0.3433,0.1100
2025-10-17,Quail Meadows Golf Club,9.0000,Sand,1,-0.7800,-0.7800,-1.5600,-0.4150,-0.3650
2025-10-17,Quail Meadows Golf Club,9.0000,Short game,13,-4.6600,-0.3585,-9.3200,-0.3900,0.0315
2025-10-17,Quail Meadows Golf Club,9.0000,Tee / layup,8,-5.6100,-0.7013,-11.2200,-0.7100,0.0088
2025-11-01,Howard D. Kellogg Golf Course - Championship Course,13.0000,Approach,18,-9.7600,-0.5422,-13.5138,-0.5411,-0.0011
2025-11-01,Howard D. Kellogg Golf Course - Championship Course,13.0000,Driving,2,-1.3500,-0.6750,-1.8692,-0.5650,-0.1100
2025-11-01,Howard D. Kellogg Golf Course - Championship Course,13.0000,Putting,30,-11.9700,-0.3990,-16.5738,-0.3113,-0.0877
2025-11-01,Howard D. Kellogg Golf Course - Championship Course,13.0000,Recovery,5,-2.7400,-0.5480,-3.7938,-0.3433,-0.2047
2025-11-01,Howard D. Kellogg Golf Course - Championship Course,13.0000,Sand,1,-0.3600,-0.3600,-0.4985,-0.4150,0.0550
2025-11-01,Howard D. Kellogg Golf Course - Championship Course,13.0000,Short game,14,-4.2800,-0.3057,-5.9262,-0.3900,0.0843
2025-11-01,Howard D. Kellogg Golf Course - Championship Course,13.0000,Tee / layup,11,-8.5300,-0.7755,-11.8123,-0.7100,-0.0655
2025-11-05,Newman Golf Course,9.0000,Approach,10,-5.7000,-0.5700,-11.4000,-0.5411,-0.0289
2025-11-05,Newman Golf Course,9.0000,Putting,18,-6.8700,-0.3817,-13.7400,-0.3113,-0.0704
2025-11-05,Newman Golf Course,9.0000,Recovery,4,-1.4700,-0.3675,-2.9400,-0.3433,-0.0242
2025-11-05,Newman Golf Course,9.0000,Short game,13,-4.5900,-0.3531,-9.1800,-0.3900,0.0369
2025-11-05,Newman Golf Course,9.0000,Tee / layup,8,-5.8200,-0.7275,-11.6400,-0.7100,-0.0175
2026-02-13,Howard D. Kellogg Golf Course - Executive,9.0000,Approach,10,-5.1500,-0.5150,-10.3000,-0.5411,0.0261
2026-02-13,Howard D. Kellogg Golf Course - Executive,9.0000,Putting,22,-8.4000,-0.3818,-16.8000,-0.3113,-0.0706
2026-02-13,Howard D. Kellogg Golf Course - Executive,9.0000,Recovery,3,-1.0200,-0.3400,-2.0400,-0.3433,0.0033
2026-02-13,Howard D. Kellogg Golf Course - Executive,9.0000,Short game,12,-4.8100,-0.4008,-9.6200,-0.3900,-0.0108
2026-02-13,Howard D. Kellogg Golf Course - Executive,9.0000,Tee / layup,9,-6.0100,-0.6678,-12.0200,-0.7100,0.0422
2026-02-15,Howard D. Kellogg Golf Course - Executive,9.0000,Approach,10,-5.4200,-0.5420,-10.8400,-0.5411,-0.0009
2026-02-15,Howard D. Kellogg Golf Course - Executive,9.0000,Putting,20,-7.5600,-0.3780,-15.1200,-0.3113,-0.0667
2026-02-15,Howard D. Kellogg Golf Course - Executive,9.0000,Recovery,2,-0.6900,-0.3450,-1.3800,-0.3433,-0.0017
2026-02-15,Howard D. Kellogg Golf Course - Executive,9.0000,Short game,13,-5.0900,-0.3915,-10.1800,-0.3900,-0.0015
2026-02-15,Howard D. Kellogg Golf Course - Executive,9.0000,Tee / layup,8,-5.1800,-0.6475,-10.3600,-0.7100,0.0625
2026-02-16,Newman Golf Course,9.0000,Approach,8,-4.1600,-0.5200,-8.3200,-0.5411,0.0211
2026-02-16,Newman Golf Course,9.0000,Putting,21,-8.4600,-0.4029,-16.9200,-0.3113,-0.0916
2026-02-16,Newman Golf Course,9.0000,Recovery,3,-0.7200,-0.2400,-1.4400,-0.3433,0.1033
2026-02-16,Newman Golf Course,9.0000,Short game,15,-5.7500,-0.3833,-11.5000,-0.3900,0.0067
2026-02-16,Newman Golf Course,9.0000,Tee / layup,9,-6.4300,-0.7144,-12.8600,-0.7100,-0.0044
2026-02-17,Newman Golf Course,9.0000,Approach,8,-4.2800,-0.5350,-8.5600,-0.5411,0.0061
2026-02-17,Newman Golf Course,9.0000,Putting,18,-6.5400,-0.3633,-13.0800,-0.3113,-0.0521
2026-02-17,Newman Golf Course,9.0000,Recovery,4,-0.9300,-0.2325,-1.8600,-0.3433,0.1108
2026-02-17,Newman Golf Course,9.0000,Short game,15,-5.8500,-0.3900,-11.7000,-0.3900,0.0000
2026-02-17,Newman Golf Course,9.0000,Tee / layup,9,-6.7500,-0.7500,-13.5000,-0.7100,-0.0400
2026-02-19,Newman Golf Course,9.0000,Approach,10,-5.8300,-0.5830,-11.6600,-0.5411,-0.0419
2026-02-19,Newman Golf Course,9.0000,Putting,20,-7.3400,-0.3670,-14.6800,-0.3113,-0.0557
2026-02-19,Newman Golf Course,9.0000,Recovery,6,-2.3000,-0.3833,-4.6000,-0.3433,-0.0400
2026-02-19,Newman Golf Course,9.0000,Short game,17,-6.9700,-0.4100,-13.9400,-0.3900,-0.0200
2026-02-19,Newman Golf Course,9.0000,Tee / layup,7,-5.2200,-0.7457,-10.4400,-0.7100,-0.0357
2026-02-24,Newman Golf Course,9.0000,Approach,8,-4.1400,-0.5175,-8.2800,-0.5411,0.0236
2026-02-24,Newman Golf Course,9.0000,Putting,18,-6.8700,-0.3817,-13.7400,-0.3113,-0.0704
2026-02-24,Newman Golf Course,9.0000,Recovery,3,-0.7500,-0.2500,-1.5000,-0.3433,0.0933
2026-02-24,Newman Golf Course,9.0000,Short game,15,-5.5000,-0.3667,-11.0000,-0.3900,0.0233
2026-02-24,Newman Golf Course,9.0000,Tee / layup,9,-6.5900,-0.7322,-13.1800,-0.7100,-0.0222
2026-02-25,Newman Golf Course,9.0000,Approach,10,-6.6900,-0.6690,-13.3800,-0.5411,-0.1279
2026-02-25,Newman Golf Course,9.0000,Putting,19,-7.0800,-0.3726,-14.1600,-0.3113,-0.0614
2026-02-25,Newman Golf Course,9.0000,Recovery,5,-1.6800,-0.3360,-3.3600,-0.3433,0.0073
2026-02-25,Newman Golf Course,9.0000,Short game,17,-6.7500,-0.3971,-13.5000,-0.3900,-0.0071
2026-02-25,Newman Golf Course,9.0000,Tee / layup,9,-6.2700,-0.6967,-12.5400,-0.7100,0.0133
2026-02-27,Newman Golf Course,6.0000,Approach,6,-3.3700,-0.5617,-10.1100,-0.5411,-0.0206
2026-02-27,Newman Golf Course,6.0000,Putting,11,-4.0400,-0.3673,-12.1200,-0.3113,-0.0560
2026-02-27,Newman Golf Course,6.0000,Recovery,2,-0.8900,-0.4450,-2.6700,-0.3433,-0.1017
2026-02-27,Newman Golf Course,6.0000,Short game,10,-4.5400,-0.4540,-13.6200,-0.3900,-0.0640
2026-02-27,Newman Golf Course,6.0000,Tee / layup,6,-4.7600,-0.7933,-14.2800,-0.7100,-0.0833
2026-03-06,Newman Golf Course,18.0000,Approach,20,-10.9700,-0.5485,-10.9700,-0.5411,-0.0074
2026-03-06,Newman Golf Course,18.0000,Putting,38,-13.7600,-0.3621,-13.7600,-0.3113,-0.0509
2026-03-06,Newman Golf Course,18.0000,Recovery,3,-0.9900,-0.3300,-0.9900,-0.3433,0.0133
2026-03-06,Newman Golf Course,18.0000,Sand,1,-0.6800,-0.6800,-0.6800,-0.4150,-0.2650
2026-03-06,Newman Golf Course,18.0000,Short game,26,-9.0400,-0.3477,-9.0400,-0.3900,0.0423
2026-03-06,Newman Golf Course,18.0000,Tee / layup,17,-11.6300,-0.6841,-11.6300,-0.7100,0.0259
2026-03-31,Isle Dauphine Golf Club,9.0000,Approach,11,-6.3900,-0.5809,-12.7800,-0.5411,-0.0398
2026-03-31,Isle Dauphine Golf Club,9.0000,Putting,24,-9.6900,-0.4038,-19.3800,-0.3113,-0.0925
2026-03-31,Isle Dauphine Golf Club,9.0000,Recovery,2,-0.7800,-0.3900,-1.5600,-0.3433,-0.0467
2026-03-31,Isle Dauphine Golf Club,9.0000,Short game,17,-7.2000,-0.4235,-14.4000,-0.3900,-0.0335
2026-03-31,Isle Dauphine Golf Club,9.0000,Tee / layup,8,-5.9900,-0.7488,-11.9800,-0.7100,-0.0388
2026-04-03,Orange Beach Golf Center - Orange Beach,9.0000,Approach,10,-6.0500,-0.6050,-12.1000,-0.5411,-0.0639
2026-04-03,Orange Beach Golf Center - Orange Beach,9.0000,Putting,18,-6.9100,-0.3839,-13.8200,-0.3113,-0.0726
2026-04-03,Orange Beach Golf Center - Orange Beach,9.0000,Recovery,3,-0.9100,-0.3033,-1.8200,-0.3433,0.0400
2026-04-03,Orange Beach Golf Center - Orange Beach,9.0000,Short game,12,-4.4100,-0.3675,-8.8200,-0.3900,0.0225
2026-04-03,Orange Beach Golf Center - Orange Beach,9.0000,Tee / layup,9,-6.8700,-0.7633,-13.7400,-0.7100,-0.0533
2026-04-14,Newman Golf Course,18.0000,Approach,23,-13.4700,-0.5857,-13.4700,-0.5411,-0.0445
2026-04-14,Newman Golf Course,18.0000,Driving,2,-1.0700,-0.5350,-1.0700,-0.5650,0.0300
2026-04-14,Newman Golf Course,18.0000,Putting,37,-17.1000,-0.4622,-17.1000,-0.3113,-0.1509
2026-04-14,Newman Golf Course,18.0000,Recovery,13,-6.3500,-0.4885,-6.3500,-0.3433,-0.1451
2026-04-14,Newman Golf Course,18.0000,Sand,2,-0.8400,-0.4200,-0.8400,-0.4150,-0.0050
2026-04-14,Newman Golf Course,18.0000,Short game,35,-15.1000,-0.4314,-15.1000,-0.3900,-0.0414
2026-04-14,Newman Golf Course,18.0000,Tee / layup,15,-11.6000,-0.7733,-11.6000,-0.7100,-0.0633
2026-04-23,Newman Golf Course,18.0000,Approach,20,-9.8000,-0.4900,-9.8000,-0.5411,0.0511
2026-04-23,Newman Golf Course,18.0000,Driving,4,-1.6500,-0.4125,-1.6500,-0.5650,0.1525
2026-04-23,Newman Golf Course,18.0000,Putting,36,-10.6600,-0.2961,-10.6600,-0.3113,0.0152
2026-04-23,Newman Golf Course,18.0000,Recovery,3,-0.6300,-0.2100,-0.6300,-0.3433,0.1333
2026-04-23,Newman Golf Course,18.0000,Sand,2,-1.0300,-0.5150,-1.0300,-0.4150,-0.1000
2026-04-23,Newman Golf Course,18.0000,Short game,29,-9.4300,-0.3252,-9.4300,-0.3900,0.0648
2026-04-23,Newman Golf Course,18.0000,Tee / layup,14,-9.6500,-0.6893,-9.6500,-0.7100,0.0207
2026-04-25,Madison Golf Course,9.0000,Approach,10,-5.0300,-0.5030,-10.0600,-0.5411,0.0381
2026-04-25,Madison Golf Course,9.0000,Putting,18,-6.0000,-0.3333,-12.0000,-0.3113,-0.0221
2026-04-25,Madison Golf Course,9.0000,Recovery,2,-0.4700,-0.2350,-0.9400,-0.3433,0.1083
2026-04-25,Madison Golf Course,9.0000,Short game,15,-5.3700,-0.3580,-10.7400,-0.3900,0.0320
2026-04-25,Madison Golf Course,9.0000,Tee / layup,9,-6.1800,-0.6867,-12.3600,-0.7100,0.0233
2026-05-05,Newman Golf Course,9.0000,Approach,10,-5.4100,-0.5410,-10.8200,-0.5411,0.0001
2026-05-05,Newman Golf Course,9.0000,Putting,20,-7.5000,-0.3750,-15.0000,-0.3113,-0.0637
2026-05-05,Newman Golf Course,9.0000,Recovery,2,-0.4400,-0.2200,-0.8800,-0.3433,0.1233
2026-05-05,Newman Golf Course,9.0000,Short game,15,-5.6900,-0.3793,-11.3800,-0.3900,0.0107
2026-05-05,Newman Golf Course,9.0000,Tee / layup,9,-6.5600,-0.7289,-13.1200,-0.7100,-0.0189
2026-05-07,Newman Golf Course,17.0000,Approach,16,-8.6500,-0.5406,-9.1588,-0.5411,0.0005
2026-05-07,Newman Golf Course,17.0000,Putting,33,-13.0900,-0.3967,-13.8600,-0.3113,-0.0854
2026-05-07,Newman Golf Course,17.0000,Recovery,3,-1.1300,-0.3767,-1.1965,-0.3433,-0.0333
2026-05-07,Newman Golf Course,17.0000,Short game,29,-10.3300,-0.3562,-10.9388,-0.3900,0.0338
2026-05-07,Newman Golf Course,17.0000,Tee / layup,16,-11.3100,-0.7069,-11.9753,-0.7100,0.0031
2026-05-12,Newman Golf Course,9.0000,Approach,10,-5.1400,-0.5140,-10.2800,-0.5411,0.0271
2026-05-12,Newman Golf Course,9.0000,Putting,18,-5.2800,-0.2933,-10.5600,-0.3113,0.0179
2026-05-12,Newman Golf Course,9.0000,Recovery,2,-0.2800,-0.1400,-0.5600,-0.3433,0.2033
2026-05-12,Newman Golf Course,9.0000,Short game,11,-3.5100,-0.3191,-7.0200,-0.3900,0.0709
2026-05-12,Newman Golf Course,9.0000,Tee / layup,9,-6.2300,-0.6922,-12.4600,-0.7100,0.0178
2026-05-20,Madison Golf Course,9.0000,Approach,8,-3.9800,-0.4975,-7.9600,-0.5411,0.0436
2026-05-20,Madison Golf Course,9.0000,Putting,20,-7.0100,-0.3505,-14.0200,-0.3113,-0.0392
2026-05-20,Madison Golf Course,9.0000,Recovery,1,-0.1200,-0.1200,-0.2400,-0.3433,0.2233
2026-05-20,Madison Golf Course,9.0000,Short game,13,-4.1200,-0.3169,-8.2400,-0.3900,0.0731
2026-05-20,Madison Golf Course,9.0000,Tee / layup,9,-5.7600,-0.6400,-11.5200,-0.7100,0.0700
2026-05-24,Howard D. Kellogg Golf Course - Championship Course,9.0000,Approach,9,-4.1200,-0.4578,-8.2400,-0.5411,0.0833
2026-05-24,Howard D. Kellogg Golf Course - Championship Course,9.0000,Driving,1,-0.1300,-0.1300,-0.2600,-0.5650,0.4350
2026-05-24,Howard D. Kellogg Golf Course - Championship Course,9.0000,Putting,19,-5.3500,-0.2816,-10.7000,-0.3113,0.0297
2026-05-24,Howard D. Kellogg Golf Course - Championship Course,9.0000,Recovery,1,-0.1500,-0.1500,-0.3000,-0.3433,0.1933
2026-05-24,Howard D. Kellogg Golf Course - Championship Course,9.0000,Short game,10,-2.6300,-0.2630,-5.2600,-0.3900,0.1270
2026-05-24,Howard D. Kellogg Golf Course - Championship Course,9.0000,Tee / layup,8,-5.2100,-0.6513,-10.4200,-0.7100,0.0588
2026-06-15,Newman Golf Course,18.0000,Approach,18,-9.7700,-0.5428,-9.7700,-0.5411,-0.0017
2026-06-15,Newman Golf Course,18.0000,Driving,2,-0.8600,-0.4300,-0.8600,-0.5650,0.1350
2026-06-15,Newman Golf Course,18.0000,Putting,35,-9.5100,-0.2717,-9.5100,-0.3113,0.0395
2026-06-15,Newman Golf Course,18.0000,Recovery,3,-0.4900,-0.1633,-0.4900,-0.3433,0.1800
2026-06-15,Newman Golf Course,18.0000,Sand,1,-0.6500,-0.6500,-0.6500,-0.4150,-0.2350
2026-06-15,Newman Golf Course,18.0000,Short game,30,-8.5700,-0.2857,-8.5700,-0.3900,0.1043
2026-06-15,Newman Golf Course,18.0000,Tee / layup,16,-10.1800,-0.6363,-10.1800,-0.7100,0.0738
2026-07-20,Howard D. Kellogg Golf Course - Championship Course,9.0000,Approach,9,-4.6200,-0.5133,-9.2400,-0.5411,0.0278
2026-07-20,Howard D. Kellogg Golf Course - Championship Course,9.0000,Driving,1,-0.5000,-0.5000,-1.0000,-0.5650,0.0650
2026-07-20,Howard D. Kellogg Golf Course - Championship Course,9.0000,Putting,25,-9.7700,-0.3908,-19.5400,-0.3113,-0.0795
2026-07-20,Howard D. Kellogg Golf Course - Championship Course,9.0000,Recovery,2,-0.4400,-0.2200,-0.8800,-0.3433,0.1233
2026-07-20,Howard D. Kellogg Golf Course - Championship Course,9.0000,Short game,13,-4.7500,-0.3654,-9.5000,-0.3900,0.0246
2026-07-20,Howard D. Kellogg Golf Course - Championship Course,9.0000,Tee / layup,8,-5.0600,-0.6325,-10.1200,-0.7100,0.0775
2026-07-22,Newman Golf Course,9.0000,Approach,10,-4.9700,-0.4970,-9.9400,-0.5411,0.0441
2026-07-22,Newman Golf Course,9.0000,Driving,1,-0.2100,-0.2100,-0.4200,-0.5650,0.3550
2026-07-22,Newman Golf Course,9.0000,Putting,17,-4.9700,-0.2924,-9.9400,-0.3113,0.0189
2026-07-22,Newman Golf Course,9.0000,Recovery,2,-0.2100,-0.1050,-0.4200,-0.3433,0.2383
2026-07-22,Newman Golf Course,9.0000,Short game,12,-3.5200,-0.2933,-7.0400,-0.3900,0.0967
2026-07-22,Newman Golf Course,9.0000,Tee / layup,8,-5.2900,-0.6612,-10.5800,-0.7100,0.0488
2026-07-30,Newman Golf Course,9.0000,Approach,10,-5.6900,-0.5690,-11.3800,-0.5411,-0.0279
2026-07-30,Newman Golf Course,9.0000,Driving,1,-0.7900,-0.7900,-1.5800,-0.5650,-0.2250
2026-07-30,Newman Golf Course,9.0000,Putting,17,-4.6900,-0.2759,-9.3800,-0.3113,0.0354
2026-07-30,Newman Golf Course,9.0000,Recovery,4,-1.3300,-0.3325,-2.6600,-0.3433,0.0108
2026-07-30,Newman Golf Course,9.0000,Short game,18,-6.5200,-0.3622,-13.0400,-0.3900,0.0278
2026-07-30,Newman Golf Course,9.0000,Tee / layup,8,-5.4700,-0.6838,-10.9400,-0.7100,0.0263
2026-08-02,Newman Golf Course,18.0000,Approach,21,-12.0600,-0.5743,-12.0600,-0.5411,-0.0332
2026-08-02,Newman Golf Course,18.0000,Driving,1,-0.4500,-0.4500,-0.4500,-0.5650,0.1150
2026-08-02,Newman Golf Course,18.0000,Putting,41,-13.5900,-0.3315,-13.5900,-0.3113,-0.0202
2026-08-02,Newman Golf Course,18.0000,Recovery,9,-2.8800,-0.3200,-2.8800,-0.3433,0.0233
2026-08-02,Newman Golf Course,18.0000,Sand,2,-1.1100,-0.5550,-1.1100,-0.4150,-0.1400
2026-08-02,Newman Golf Course,18.0000,Short game,32,-12.0300,-0.3759,-12.0300,-0.3900,0.0141
2026-08-02,Newman Golf Course,18.0000,Tee / layup,17,-12.0700,-0.7100,-12.0700,-0.7100,0.0000
2026-08-17,Howard D. Kellogg Golf Course - Executive,9.0000,Approach,11,-6.2800,-0.5709,-12.5600,-0.5411,-0.0298
2026-08-17,Howard D. Kellogg Golf Course - Executive,9.0000,Driving,1,-0.4300,-0.4300,-0.8600,-0.5650,0.1350
2026-08-17,Howard D. Kellogg Golf Course - Executive,9.0000,Putting,25,-7.6500,-0.3060,-15.3000,-0.3113,0.0053
2026-08-17,Howard D. Kellogg Golf Course - Executive,9.0000,Recovery,3,-0.6700,-0.2233,-1.3400,-0.3433,0.1200
2026-08-17,Howard D. Kellogg Golf Course - Executive,9.0000,Short game,11,-3.0800,-0.2800,-6.1600,-0.3900,0.1100
2026-08-17,Howard D. Kellogg Golf Course - Executive,9.0000,Tee / layup,8,-5.8200,-0.7275,-11.6400,-0.7100,-0.0175
2026-08-19,Howard D. Kellogg Golf Course - Championship Course,9.0000,Approach,10,-6.2500,-0.6250,-12.5000,-0.5411,-0.0839
2026-08-19,Howard D. Kellogg Golf Course - Championship Course,9.0000,Driving,1,-0.9700,-0.9700,-1.9400,-0.5650,-0.4050
2026-08-19,Howard D. Kellogg Golf Course - Championship Course,9.0000,Putting,20,-6.2500,-0.3125,-12.5000,-0.3113,-0.0012
2026-08-19,Howard D. Kellogg Golf Course - Championship Course,9.0000,Recovery,4,-1.2800,-0.3200,-2.5600,-0.3433,0.0233
2026-08-19,Howard D. Kellogg Golf Course - Championship Course,9.0000,Short game,14,-5.5600,-0.3971,-11.1200,-0.3900,-0.0071
2026-08-19,Howard D. Kellogg Golf Course - Championship Course,9.0000,Tee / layup,8,-5.2800,-0.6600,-10.5600,-0.7100,0.0500
2026-08-22,Madison Golf Course,9.0000,Approach,8,-3.6700,-0.4587,-7.3400,-0.5411,0.0824
2026-08-22,Madison Golf Course,9.0000,Driving,1,-0.3100,-0.3100,-0.6200,-0.5650,0.2550
2026-08-22,Madison Golf Course,9.0000,Putting,20,-5.3200,-0.2660,-10.6400,-0.3113,0.0453
2026-08-22,Madison Golf Course,9.0000,Recovery,1,-0.2900,-0.2900,-0.5800,-0.3433,0.0533
2026-08-22,Madison Golf Course,9.0000,Short game,10,-2.2900,-0.2290,-4.5800,-0.3900,0.1610
2026-08-22,Madison Golf Course,9.0000,Tee / layup,8,-5.2000,-0.6500,-10.4000,-0.7100,0.0600
2026-08-23,Newman Golf Course,9.0000,Approach,10,-5.9300,-0.5930,-11.8600,-0.5411,-0.0519
2026-08-23,Newman Golf Course,9.0000,Driving,1,-0.5300,-0.5300,-1.0600,-0.5650,0.0350
2026-08-23,Newman Golf Course,9.0000,Putting,22,-7.0400,-0.3200,-14.0800,-0.3113,-0.0087
2026-08-23,Newman Golf Course,9.0000,Recovery,4,-1.4300,-0.3575,-2.8600,-0.3433,-0.0142
2026-08-23,Newman Golf Course,9.0000,Sand,2,-1.1800,-0.5900,-2.3600,-0.4150,-0.1750
2026-08-23,Newman Golf Course,9.0000,Short game,17,-5.4700,-0.3218,-10.9400,-0.3900,0.0682
2026-08-23,Newman Golf Course,9.0000,Tee / layup,8,-5.2700,-0.6588,-10.5400,-0.7100,0.0513
2026-08-26,Madison Golf Course,9.0000,Approach,8,-3.6600,-0.4575,-7.3200,-0.5411,0.0836
2026-08-26,Madison Golf Course,9.0000,Driving,1,-0.4100,-0.4100,-0.8200,-0.5650,0.1550
2026-08-26,Madison Golf Course,9.0000,Putting,17,-4.2400,-0.2494,-8.4800,-0.3113,0.0618
2026-08-26,Madison Golf Course,9.0000,Recovery,1,-0.2100,-0.2100,-0.4200,-0.3433,0.1333
2026-08-26,Madison Golf Course,9.0000,Short game,11,-2.5900,-0.2355,-5.1800,-0.3900,0.1545
2026-08-26,Madison Golf Course,9.0000,Tee / layup,8,-5.1500,-0.6438,-10.3000,-0.7100,0.0663
2026-08-28,Newman Golf Course,18.0000,Approach,21,-9.9500,-0.4738,-9.9500,-0.5411,0.0673
2026-08-28,Newman Golf Course,18.0000,Driving,3,-0.8900,-0.2967,-0.8900,-0.5650,0.2683
2026-08-28,Newman Golf Course,18.0000,Putting,36,-10.7100,-0.2975,-10.7100,-0.3113,0.0138
2026-08-28,Newman Golf Course,18.0000,Recovery,2,-0.4100,-0.2050,-0.4100,-0.3433,0.1383
2026-08-28,Newman Golf Course,18.0000,Sand,2,-1.0300,-0.5150,-1.0300,-0.4150,-0.1000
2026-08-28,Newman Golf Course,18.0000,Short game,26,-9.9400,-0.3823,-9.9400,-0.3900,0.0077
2026-08-28,Newman Golf Course,18.0000,Tee / layup,15,-10.3100,-0.6873,-10.3100,-0.7100,0.0227
2026-08-29,Howard D. Kellogg Golf Course - Championship Course,18.0000,Approach,22,-12.9500,-0.5886,-12.9500,-0.5411,-0.0475
2026-08-29,Howard D. Kellogg Golf Course - Championship Course,18.0000,Driving,3,-2.1500,-0.7167,-2.1500,-0.5650,-0.1517
2026-08-29,Howard D. Kellogg Golf Course - Championship Course,18.0000,Putting,42,-13.1100,-0.3121,-13.1100,-0.3113,-0.0008
2026-08-29,Howard D. Kellogg Golf Course - Championship Course,18.0000,Recovery,7,-2.5400,-0.3629,-2.5400,-0.3433,-0.0195
2026-08-29,Howard D. Kellogg Golf Course - Championship Course,18.0000,Sand,2,-0.5400,-0.2700,-0.5400,-0.4150,0.1450
2026-08-29,Howard D. Kellogg Golf Course - Championship Course,18.0000,Short game,31,-10.9600,-0.3535,-10.9600,-0.3900,0.0365
2026-08-29,Howard D. Kellogg Golf Course - Championship Course,18.0000,Tee / layup,15,-11.4100,-0.7607,-11.4100,-0.7100,-0.0507
2026-09-06,Howard D. Kellogg Golf Course - Executive,9.0000,Approach,7,-2.1100,-0.3014,-4.2200,-0.5411,0.2397
2026-09-06,Howard D. Kellogg Golf Course - Executive,9.0000,Driving,1,-0.3560,-0.3560,-0.7120,-0.5650,0.2090
2026-09-06,Howard D. Kellogg Golf Course - Executive,9.0000,Putting,21,-6.6100,-0.3148,-13.2200,-0.3113,-0.0034
2026-09-06,Howard D. Kellogg Golf Course - Executive,9.0000,Recovery,1,-0.3500,-0.3500,-0.7000,-0.3433,-0.0067
2026-09-06,Howard D. Kellogg Golf Course - Executive,9.0000,Short game,10,-2.0000,-0.2000,-4.0000,-0.3900,0.1900
2026-09-06,Howard D. Kellogg Golf Course - Executive,9.0000,Tee / layup,6,-3.2800,-0.5467,-6.5600,-0.7100,0.1633
2026-09-13,Newman Golf Course,18.0000,Approach,26,-14.4000,-0.5538,-14.4000,-0.5411,-0.0127
2026-09-13,Newman Golf Course,18.0000,Driving,6,-2.6200,-0.4367,-2.6200,-0.5650,0.1283
2026-09-13,Newman Golf Course,18.0000,Putting,24,-7.4400,-0.3100,-7.4400,-0.3113,0.0013
2026-09-13,Newman Golf Course,18.0000,Recovery,5,-1.5300,-0.3060,-1.5300,-0.3433,0.0373
2026-09-13,Newman Golf Course,18.0000,Sand,2,-1.1200,-0.5600,-1.1200,-0.4150,-0.1450
2026-09-13,Newman Golf Course,18.0000,Short game,21,-8.1100,-0.3862,-8.1100,-0.3900,0.0038
2026-09-13,Newman Golf Course,18.0000,Tee / layup,12,-7.0300,-0.5858,-7.0300,-0.7100,0.1242
